consistency_model,replication_factor,time_bench1,time_bench2
LINEARIZABLE,1,5.541994571685791,5.239675998687744
EVENTUAL,1,5.6699059009552,5.132966995239258
LINEARIZABLE,3,7.348591566085815,7.251030921936035
EVENTUAL,3,6.2963714599609375,3.9624500274658203
LINEARIZABLE,5,8.751975536346436,8.040935754776001
EVENTUAL,5,8.174916505813599,3.544804573059082
