consistency_model,replication_factor,time_bench1,time_bench2
LINEARIZABLE,1,13.119600534439087,13.529438734054565
EVENTUAL,1,12.55798625946045,13.165940999984741
LINEARIZABLE,3,13.854788780212402,14.129799365997314
EVENTUAL,3,14.192546844482422,11.936295747756958
LINEARIZABLE,5,15.057594776153564,15.513087511062622
EVENTUAL,5,14.690214395523071,11.94183874130249
